date,truck,category,items,prices,location,time,source_image,images,fulltext,notes
2026-09-10,極餓排骨酥&雞腿酥,小吃,排骨酥；雞腿酥；黑白雙殺（白木耳露＆黑木耳露）,排骨酥 小份100/中份150/大份200；木耳露 一瓶80/兩瓶150,南軟餐車駐點,16:00-20:00（或完售）,archive/2026-09/2026-09-10_1952_p02.png,img/2026-09-10_pork-rib.jpg,"日期：9／10（星期四）
時間：16:00～20:00（或完售）
地點：南港 南軟餐車駐點
付款方式：現金
預訂取餐時間16:30開始，感謝大家
最晚預訂取餐時間19:00，感謝大家

南港的朋友們，大家好啊……（內容截斷）",歐翼車；只收現金；預訂取餐 16:30 起、最晚 19:00；貼文 9/9 20:10；DM 小字價格不確定；內容截斷（貼文已被刪除，無法再展開）
2026-09-10,粉桃君_鐵板沙威瑪/蔥抓餅,小吃,鐵板沙威瑪（日式洋蔥雞肉、台式黑胡椒豬肉）；超值組合（+蛋+起士）；蔥抓餅（原味、招牌香酥蛋餅）,日式洋蔥雞肉 80；台式黑胡椒豬肉 80；超值組合 100；蔥抓餅原味 40；招牌香酥蛋餅 50,南軟二期市集,16:30-19:30,archive/2026-09/2026-09-10_1952_p01.png,img/2026-09-10_shawarma.jpg,"09/10（四）16:30～19:30
嗨嗨 南港的朋友們 首次來到貴寶地。
想吃點「現做、熱呼呼、又超有滿足感」的嗎？
粉桃君直接把鐵板香氣搬到南軟二期市集！

鐵板沙威瑪｜台灣漢堡的豪邁吃法！

不是一般冷冷的漢堡，而是把香嫩肉絲直接送上煎台
……（內容截斷）",首次來南港；貼文 9/9 20:11；圖片跨頁只裁到上半；內容截斷（貼文已被刪除，無法再展開）
2026-09-11,MB 提拉米蘇,甜點,手作提拉米蘇（經典原味、清香檸檬、Oreo脆片、濃郁抹茶、芋頭藏香、酸甜藍莓、隱藏橙香）；鮮奶酪系列（原味、芒果、藍莓、草莓、Oreo脆皮）,經典原味 120；清香檸檬 130；Oreo脆片 130；濃郁抹茶 130；芋頭藏香 140；酸甜藍莓 150；隱藏橙香 160；原味鮮奶酪 40；果醬鮮奶酪 50；Oreo脆皮鮮奶酪 50；鮮奶酪買5送1,南軟二期市集,16:00-20:00（或售完）,archive/2026-09/2026-09-10_2131_p00.png,img/2026-09-11_mb-tiramisu.jpg,"MB Tiramisu – 手作多口味提拉米蘇
營業時間：9／11（五）（或售完）
16:00–20:00

預訂請留以下資訊
餐點：（品項）+（數量）
姓名：
電話後3碼：
大約取餐時間：
或用點餐系統（下方連結）
https://reurl.cc/vGkG2e

今天帶來滿滿幸福的甜點盒
一次能享受多種風味：
經典原味 $120 – Cacao Barry可可粉撒上頂層
清香檸檬 $130 – 酸甜清新
Oreo脆片 $130 – 濃郁酥脆
濃郁抹茶 $130 – 茶味醇厚
芋頭藏香 $140 – 芋頭×綿密
酸甜藍莓 $150 – 果香酸甜
隱藏x橙香餘韻 $160 – 當季肚臍橙

嚴選 Galbani 義大利瑪斯卡邦乳酪 + 動物性鮮奶油，綿密細緻，入口即化

☑ 減醣配方
☑ 無咖啡液
☑ 無酒精
大人小孩都能安心享用
保存方式：
冷藏2天
冷凍5天（冰沙口感）

——鮮奶酪系列——
原味鮮奶酪 $40
芒果果醬鮮奶酪 $50
藍莓果醬鮮奶酪 $50
草莓果醬鮮奶酪 $50
Oreo脆皮鮮奶酪 $50

鮮奶酪全品項買5送1

滿足你的所有甜點想像
今天，就用提拉米蘇療癒自己吧！

https://www.instagram.com/mbtiramisu?igsh=YTJycXBoMTFhMHZs&utm_source=qr

#提拉米蘇 #Tiramisu #手作甜點 #創業
#擺攤 #甜點控 #平價甜點 #多口味甜點 #MB",落地攤；預訂：留言 品項+數量+姓名+電話後3碼+取餐時間，或用點餐系統連結；貼文 9/10 約19:35
2026-09-11,尻一支香腸,小吃,黑豬肉香腸；黑豬肉生香腸（7支約一斤，可預訂）,香腸 1支50/2支90/3支130；生香腸 7支230,南軟二期市集,11:30-14:00,archive/2026-09/2026-09-10_2131_p02.png,img/2026-09-11_sausage.jpg,"9/11（五）營業時間：11:30～14:00
尻一支香腸來了！
我們是國產豬，安全的豬肉

老闆職人嚴選原味黑豬肉香腸、細心控溫、品質保證古早味黑豬肉香腸是特別訂製不乾柴、肥瘦比例剛剛好，咬一口香腸，嘴裡會有滿滿的肉香吃起來會噴汁

黑豬肉香腸一支$50元
黑豬肉香腸二支$90元
黑豬肉香腸三支$130元
現場也會有蒜頭可以搭配

黑豬肉生香腸7支約一斤（可保存半年）$230可預訂

付款方式：現金

老闆堅持香腸生烤無過油無蒸煮保留原味，要把剛烤好熱熱的香腸交給你們，所以沒有開放預訂，請現場購買，敬請見諒
⛔沒有預訂⛔

期待與您相見
臉書粉絲團：
https://www.facebook.com/share/19RwMU8wnw/",國產豬；只收現金；熟香腸不接受預訂，生香腸可預訂；貼文 9/10 約19:25；開始時間 9/11 當天被老闆改過（9/11 08:31 截圖為 11:00，18:13 截圖為 11:30），此處採較新的 11:30
2026-09-11,大仁哥烤雞,小吃,烤雞（巡迴）,,臺北市南港區三重里園區街3-2號H棟（南港軟體園區郵局）,,archive/2026-09/2026-09-10_2131_p03.png,img/2026-09-11_roast-chicken.jpg,"大仁哥烤雞來囉！！各位貴賓大家好，大仁哥烤雞預計9/11（星期五）巡迴抵達至南港與各位相見歡，能遇見各位貴賓是我們的榮幸，煩請大家告訴大家，粉絲頁開放預訂囉、附上連結給各位貴賓預定
https://www.facebook.com/share/p/195nBN1dgu/?mibextid=wwXIfr
地址：臺北市南港區三重里園區街3-2號H棟（南港軟體園區郵局）",預訂：FB 貼文連結；營業時段未寫；貼文 9/8 12:00
2026-09-14,飛天食鋪滷味,小吃,飛天套餐A（蜂巢豆干、北海道昆布、貓耳朵、大腸、花生）；飛天套餐B（牛腱、牛肚、蜂巢豆干、北海道昆布、貓耳朵）；現場單點滷味,飛天套餐A 250；飛天套餐B 380,南港軟體園區,16:30-20:00,archive/2026-09/2026-09-14_0832_p00.png,img/2026-09-14_luwei.jpg,"快閃餐車-飛天食鋪滷味 僅6份預定

9/14（週一）滷味預購公告

支付方式：現金、LINE PAY

地點：南港軟體園區
google：請點

營業時間：16:30 – 20:00
預定截止：當日 13:00 前（因開攤忙碌，會有漏接訊息，無法及時回覆，敬請見諒）
取餐時間：16:30 開始

北屯市場排隊名攤來囉

平常要排隊才能買，而且晚到常常買不到的眷村滷味，現在不用苦等就能吃到！

堅持特色：

不加色素、醬油

採用多種中藥材與天然食材

60年老滷汁傳承，眷村底蘊的好味道

當天現滷，確保品質

老闆故事：
從飯店廚師轉職，傳承60年老滷汁，勇敢挑戰餐車，
用專業與真誠，帶來安全美味的眷村白滷！
讓你的舌尖，能同時品嚐到食物的原始風味與醬汁融合在一起的豐富層次感。

預購套餐

飛天套餐 A（$250）
蜂巢豆干、北海道昆布、貓耳朵、大腸、花生

飛天套餐 B（$380）
牛腱、牛肚、蜂巢豆干、北海道昆布、貓耳朵

限量 10份，額滿後請現場購買。
（現場可自由選購，商品以當日為主，暢銷款偶有售完情況）

預購格式（請於留言處填寫）

飛天套餐：A / B / 單點
電話末 3 碼：___
取餐時間：___

喜歡滷味的朋友，歡迎追蹤粉專：
飛天食鋪滷味館 Facebook或是IG

https://www.facebook.com/share/179cEF8uQq/https://www.threads.com/@kevin23888",快閃餐車，來自台中北屯市場的眷村滷味；付款：現金、LINE PAY；預訂截止當日 13:00 前，取餐 16:30 起；預購格式：套餐 A/B/單點＋電話末3碼＋取餐時間（留言處填寫）；貼文 9/13 22:16；貼文開頭寫「僅6份預定」、內文寫「限量10份」，兩處不一致，未改寫
2026-09-14,圓滿堂/日式烤糰子,甜點,日式烤糰子（鹹）：日式醬油、海苔粉、海苔絲、柴魚；日式烤糰子（甜）：台灣黑糖炙燒、日本靜岡抹茶、台灣有機黃豆粉、桂花釀；奶蓋系列：抹茶、歐力歐、黑糖；飲品：古早味紅茶奶蓋、高山冷泡茶、伊朗玫瑰冰奶茶,日式醬油 40；海苔粉 50；海苔絲 50；柴魚 50；台灣黑糖炙燒 50；日本靜岡抹茶 50；台灣有機黃豆粉 50；桂花釀 50；抹茶奶蓋糰子 60；歐力歐奶蓋糰子 60；黑糖奶蓋糰子 60；古早味紅茶奶蓋 90；高山冷泡茶 50；伊朗玫瑰冰奶茶 60,,11:30-14:00（或完售）,archive/2026-09/2026-09-14_0832_p03.png,img/2026-09-14_dango.jpg,"9/14
圓滿堂日式烤糰子
11:30-14:00或完售
南軟的朋友久等了！我們終於來了
買回去吃點心，放涼糰子會QQ也很好吃
平時可是要在雲林分店及宜蘭分店才吃得到喔！
日本人都驚奇怎麼比日本好吃

食材來自雲林的天然黑豆300天陶缸釀造醬油、雲林糯米粉、傳承阿嬤的滋味、每顆糰子都是純手工製作！無添加任何添加物、請當日完食喔

日式烤糰子（鹹）：
日式醬油$40
海苔粉$50
海苔絲$50
柴魚$50

日式烤糰子（甜）：
台灣黑糖炙燒$50
日本靜岡抹茶$50
台灣有機黃豆粉$50
桂花釀$50

奶蓋系列
抹茶奶蓋糰子$60
歐力歐奶蓋糰子$60
黑糖奶蓋糰子$60

飲品：
古早味紅茶奶蓋糰子$90
高山冷泡茶$50
（可回沖2次）
伊朗玫瑰冰奶茶$60
（用玫瑰及牛奶煮）

追蹤我們：
圓滿堂行動3號車
https://www.instagram.com/umtat03?igsh=MWpING11d3owNDYwbA%3D%3D&utm_source=qr

圓滿堂雲林店
https://www.instagram.com/u_m_t2.345?igsh=MXMxbzJsa3FiMHR3bw%3D%3D&utm_source=qr

圓滿堂宜蘭店

線上預訂同時段只收3單、大家可以前後抓個10-20分鐘

奶蓋建議現場吃，不宜放過久
塑膠袋因老闆還在思考怎麼做可以環保 暫時沒提供

最晚取餐時間 14:00
時間：
電話末三碼：
品項：",顯示名稱「圓滿堂/日式烤糰子/棚式餐車/北部」，去掉車型與地區後綴；線上預訂同時段只收 3 單，可前後抓 10-20 分鐘；最晚取餐 14:00；預訂格式：時間＋電話末三碼＋品項；奶蓋建議現場吃；貼文 9/13 20:21；貼文未寫地點，只提到「南軟的朋友」，故 location 留空
2026-09-14,衿燒餐車,便當,熔岩起士雞排；紅麴梅子雞排；傳統古早味雞排；咖哩飯（8兩雞排、唐揚雞、五花豬、單純無肉）；咖哩烏龍麵（8兩雞排、唐揚雞、五花豬）；炸物小點（脆薯、手工地瓜、炸年糕）；熱狗堡,熔岩起士雞排 150；紅麴梅子雞排 120；古早味傳統雞排 100；8兩雞排咖哩飯 190；唐揚雞咖哩飯 190；五花豬咖哩飯 170；單純咖哩飯 150；8兩雞排咖哩烏龍麵 195；唐揚雞咖哩烏龍麵 195；五花豬咖哩烏龍麵 180,,中午場（取餐 11:00-13:30）,archive/2026-09/2026-09-14_0832_p07.png,img/2026-09-14_curry-rice.jpg,"【衿燒餐車｜餐點介紹｜歡迎預訂】
販售日期：9月14日 中午場

招牌雞排
熔岩起士雞排｜黑色脆皮＋濃郁起司醬
紅麴梅子雞排｜酸甜鹹香、越吃越涮嘴
傳統古早味雞排｜經典胡椒香，簡單就是好吃

慢熬日式咖哩醬，香濃滑順
咖哩飯系列—飽足感十足。
‧8兩雞排咖哩飯 $190
‧唐揚雞咖哩飯 $190
‧五花豬咖哩飯 $170
‧單純咖哩飯 $150（無肉）

咖哩烏龍麵系列— Q彈烏龍麵搭配濃郁咖哩
‧8兩雞排咖哩烏龍麵 $195
‧唐揚雞咖哩烏龍麵 $195
‧五花豬咖哩烏龍麵 $180

咖哩飯皆附菜＋蛋
肉類咖哩飯/麵「咖哩醬另外附」
單純咖哩飯只有菜＋蛋，咖哩醬直接淋

炸物必點小點
脆薯、手工地瓜、炸年糕等多樣選擇。

熱狗堡
現場限定販售，數量有限，不提供預訂。

第一批取餐時間
11:00｜11:30｜12:00
12:30｜13:00｜13:30

預訂三步驟
① 餐點名稱＋數量
② 取餐時間
③ 電話末三碼（取餐號碼）
④ 訂單按 = 預訂確認

餐點皆為現點現做，尖峰時段請耐心等候，感謝支持",顯示名稱「衿燒餐車（雞排、咖哩飯、熔岩堡）」；第一批取餐時間 11:00/11:30/12:00/12:30/13:00/13:30；預訂三步驟：餐點名稱+數量、取餐時間、電話末三碼，訂單按笑臉＝確認；熱狗堡現場限定不接受預訂；三款雞排價格取自 DM 圖（貼文內文未寫）；貼文 9/13 20:21；貼文只寫「中午場」沒寫明確營業時段，也沒寫地點，location 留空
2026-09-14,ㄔ嘴牛排,便當,雙拼排餐（牛/豬/雞任選二）；牛牛雙拼；厚切12盎司沙朗牛排；菲力牛排（6盎司）；6盎司沙朗牛排；嫩煎豬排；香酥雞腿排；CH板腱牛排（6盎司）；CH帶骨牛小排（6盎司）；PR霜降牛排（9盎司）；CH翼板牛排（8盎司）；重量級三拼；厚切24盎司沙朗牛排,雙拼排餐 250；牛牛雙拼 270；厚切12盎司沙朗牛排 270；菲力牛排 270；6盎司沙朗牛排 160；嫩煎豬排 160；香酥雞腿排 160；CH板腱牛排 230；CH帶骨牛小排 330；PR霜降牛排 330；CH翼板牛排 400；重量級三拼 350；厚切24盎司沙朗牛排 460,,16:30-19:30,archive/2026-09/2026-09-14_0832_p10.png,img/2026-09-14_steak.jpg,"9/14（週一）
9/14（週一）
營業時間：16:30-19:30


大家好我們是ㄔ嘴牛排行動餐車,
100%原肉主義
沙朗牛肉系列採用經過7-14濕式熟成
口感更加美味。
每份排餐均附蛋、麵、肉品
我們的肉多、份量多
絕對比外面cp值還高，喜歡大口吃肉的朋友千萬不要錯過。

不要麵可以換成蛋
如需加麵的話加10元、加蛋加10元。
醬料：蘑菇 黑胡椒 綜合 可以選擇

加入我們的官方Line:@340scpfz
可以提前一天預定餐點
也可以在記事本直接留言，有回覆才算訂餐成功。
心動不如馬上行動!!!!

訂餐請於當天下午三點前留言，有按笑臉才是訂餐成功嘿
有預定成功的朋友，請直接跟點餐人員告知手機末三碼取餐，不用排隊之類的嘿",每份排餐附蛋、麵、肉品；不要麵可換成蛋，加麵/加蛋各 +10；醬料可選蘑菇/黑胡椒/綜合；預訂：官方 LINE @340scpfz 或記事本留言（需有回覆才算成功），當天下午三點前；貼文 9/13 19:57；DM 排餐欄最後一項被裁切看不清楚，未記；貼文未寫地點，location 留空
2026-09-14,初餓行動餐車,小吃,抓餅（原味、德國香腸、鮪魚玉米、椒麻雞腿、照燒雞腿、牛肉起司）；炒麵（德國香腸、椒麻雞腿、照燒雞腿）；炒粿條；煎餃；蘿蔔糕；宜蘭蔥仔餅,原味抓餅 35；德國香腸抓餅 65；鮪魚玉米抓餅 70；椒麻雞腿抓餅 85；照燒雞腿抓餅 85；牛肉起司抓餅 85；德國香腸炒麵 80；椒麻雞腿炒麵 90；照燒雞腿炒麵 90；炒粿條 70；煎餃 40；蘿蔔糕 40；蔥仔餅 5個55；蔥仔餅 10個100,南軟二期市集,11:00-13:30（或售完）,archive/2026-09/2026-09-14_0832_p12.png,img/2026-09-14_scallion-pancake.jpg,"午餐快閃
大家好，這裡是初餓行動餐車
9／14 在南軟二期 餐車市集
販賣時間：11:00-13:30或售完

販賣品項：
我們的抓餅和外面一般的抓餅不一樣
是有點厚度外酥內Q的嘿！有多種口味任您選擇

原味抓餅 35
德國香腸抓餅 65
鮪魚玉米抓餅 70
椒麻雞腿抓餅 85
照燒雞腿抓餅 85
牛肉起司抓餅 85

現炒台式炒粿條，每根麵條都吸附滿滿的湯汁，好吃又大碗嘿

德國香腸炒麵 80
椒麻雞腿炒麵 90
照燒雞腿炒麵 90
炒粿條 70

可另外加肉
椒麻雞腿+30 照燒雞腿+30 德國香腸+25

不用懷疑，這絕對比大多數吃過的都還要好吃！
小孩大人都愛的台式點心

煎餃 40（10粒）
蘿蔔糕 40

回購率超高的爆漿蔥仔餅，超好吃不會騙你

蔥仔餅 5個55元，10個100元

以上加蛋+10 加起司+10

一律現金付款

取餐時間：
電話後三碼：
預定品項/數量：",午餐快閃；加肉：椒麻雞腿 +30、照燒雞腿 +30、德國香腸 +25；加蛋 +10、加起司 +10；一律現金付款；預訂格式：取餐時間＋電話後三碼＋品項/數量；貼文 9/13 18:19
2026-09-14,185 雞蛋燒,甜點,雞蛋燒（快閃限定、玫瑰鹽、雙色起司、海苔肉鬆、煙燻火腿）；雞蛋糕（快閃限定、爆漿火腿、雙色起司、香蔥花生、芝麻濃湯、花生濃湯、雙Q麻糬、OREO脆乳、經典原味）,雞蛋燒 40；雞蛋糕 35；雞蛋糕 3個100；經典原味雞蛋糕 25,南軟二期市集,15:30-19:30,archive/2026-09/2026-09-14_0832_p16.png,img/2026-09-14_egg-grill.jpg,"9/14
15:30-19:30
大家好～我們是185雞蛋燒
即將到 南軟 這邊 為各位老闆們服務

新鮮紅殼雞蛋+新鮮進口牛奶+新鮮每日製作=185 雞蛋燒。
無添加化學成份。無添加一滴水。嚴選在地新鮮合格雞蛋 這一切只讓您吃的放心與寶貝吃的安心。 經營理念 - 將心比心

雞蛋燒，直接整顆紅殼雞蛋嘿 40元

限定口味除外

雞蛋糕，35元 口味任選3個 100元

限定口味除外

歡迎預約訂購：https://lin.ee/c05bOpb
貴姓：
取餐時間：
電話後三碼：
雞蛋燒：
雞蛋糕：

留言按讚二登記完成
沒按讚二 沒有登記到
請勿棄單
如餐期沒有登記到訂單
也可至現場排隊購買
如訂單較多 煩請現場客人
耐心等候
謝謝大家配合",雞蛋燒用整顆紅殼雞蛋；限定口味不適用任選價；預約訂購 https://lin.ee/c05bOpb，或留言按讚才算登記；貼文 9/12 06:32；貼文地點只寫「南軟」，依社群推定為南軟二期市集；經典原味雞蛋糕 25 取自 DM 圖
2026-09-15,甜品殿,甜點,驢打滾（經典綜合、濃郁花生、芝麻奶香綠豆沙、桂花紅豆、奶香芋泥、抹茶紅豆）；水果糯米打糕（水蜜桃＋百香果＋草莓三拼）；中式紫米糕（紫米芋頭糕）；糯米切糕（牛奶芋頭三色、蜜釀桂花雙色、牛奶雙色、芋泥雪糕、玫瑰紫米雙色）,全品項每盒均一價 100,臺北市南港區三重里園區街3-2號H棟右側隔壁空地,16:30-19:30（或售完）,archive/2026-09/2026-09-15_0831_p00.png,img/2026-09-15_dessert-palace.jpg,"大家好我們是「甜品殿」預訂日期（晚場）
9/15（二）快閃南港南軟二期餐車市集
地點｜臺北市南港區三重里園區街3-2號H棟右側隔壁空地
時間｜下午16:30～19:30／售完
如果有提前到現場會公告

當天都是從凌晨開始備料、手工製作，產能有限，建議有確定要求的朋友盡量提前預訂
沒有預訂也沒關係～現場會準備少量現貨，歡迎大家當天直接來逛逛、參觀選購
品項及數量以現場供應為主，售完為止

當日手作中式糕點 驢打滾、糯米切糕、水果打糕、中式紫米糕（全品項米製·奶素·減糖）
冰涼吃超消暑、清爽不甜膩
下午茶、飯後點心都超適合
希望大家來逛市集時，也能來找我們吃點甜甜

本篇預訂單開放至 9/15 下午 1:00 截止
因甜品殿每日製作產能有限，若提前達到預訂數量，會提早截止預訂，再請大家多多包涵
小幫手統一結單後，會在留言下方回覆「」

預訂最晚取餐時間為 晚上 6:30。若6:30後才能取餐的客人請直接至現場購買

其他擺攤地點會在fb甜品殿粉絲專頁公告可以按追蹤 我們會即時更新出攤行程
FB甜品殿粉絲專頁連結
https://m.facebook.com/61558032777535

驢打滾外皮的粉｜率花生黃豆粉
如有需要純黃豆粉/芝麻粉 可預訂時註記
過敏原提醒 製作過程 有使用花生粉
若對花生過敏、預訂時請註明
例如
花生過敏 → 改芝麻粉／黃豆粉
我們會 另外工作檯製作 避免交叉污染

驢打滾：清朝時宮廷御用糕點現為北京街邊小吃 以糯米包桂花味紅豆沙，表皮裹均勻的黃豆粉，因外觀似小毛驢在地上打滾後渾身沾滿土而得名一圈圈的層次分明，糯米卷著紅豆沙，入口香、甜、軟、糯，熟黃豆粉花生粉微微的顆粒感，豆香味兒濃

水果打糕：糯米打製而成加入香甜的水果醬 香甜軟糯帶點水果清香

糯米切糕 ：用糯米做的，中間配上鬆軟綿密內餡。因做熟後是一整大塊，賣時根據需要切下一小塊，所以叫切糕，口味是甜的

中式傳統點心—紫米糕：Q彈飽滿的紫米帶點紫米香氣，配上鬆軟綿密內餡，口感溫潤，味道不過於甜膩

【價格】
全品項 每盒均一價 $100

【驢打滾系列】（6顆/盒）
可選單一口味或「2種綜合（3+3）」
經典綜合（桂花紅豆＋芝麻奶香綠豆沙）
濃郁花生（有顆粒）
芝麻奶香綠豆沙
桂花紅豆
奶香芋泥
抹茶紅豆
口感說明：
當天：軟糯
冷藏隔天：微Q（不同口感都好吃）

【水果糯米打糕】
水蜜桃＋百香果＋草莓 三拼一盒
自然果醬製作（含果粒為正常現象）

【中式紫米糕】（5塊/盒）
紫米芋頭糕
冰過更Q彈、香氣更濃

【糯米切糕系列】（4塊/盒）
外層可選：原味不灑粉/灑靜岡抹茶/灑椰蓉粉
人氣口味：
牛奶芋頭三色切糕
蜜釀桂花雙色切糕（含蜂蜜）
牛奶雙色切糕（無內餡）
隱藏版限定：
芋泥雪糕切糕
玫瑰紫米雙色切糕

【保存方式-無添加防腐劑，請務必冷藏】
封保鮮膜冷藏保存（有包內餡的建議2天內食用，無內餡可3天內）

驢打滾冷藏2天
當天：軟糯
冷藏隔天：微Q

若糕點稍微變硬
可於表面輕噴少量飲用水，微波約10秒即可回軟
（不同微波爐功率略有差異，可依情況酌量增加加熱時間）

紫米糕跟切糕可冷藏3天冷凍可｜個禮拜
1.冷凍需用電鍋蒸 外鍋放入100cc水 電鍋蒸氣出來計時6分鐘即可

2.放置可微波容器取微量的水將表面沾溼 用700w加熱1分30秒，（不同微波爐功率略有差異，可依情況酌量增加加熱時間）",顯示名稱「甜品殿小幫手」，去掉小幫手後綴；晚場快閃；預訂單 9/15 13:00 截止，小幫手統一結單後於留言回覆；預訂最晚取餐 18:30，之後請現場購買；花生過敏可改芝麻粉／黃豆粉；FB https://m.facebook.com/61558032777535；貼文 9/14 20:31；「率花生黃豆粉」依貼文原文照抄（疑為錯字）
2026-09-15,捲物/鹹水記,便當,清雞胸拼盤（一肉六菜）；去骨雞腿拼盤（一肉六菜）；加購單點：清雞胸、去骨雞腿（1支）、古早味雞油拌飯,清雞胸拼盤 120；去骨雞腿拼盤 160；加購清雞胸 50；加購去骨雞腿 90；加購古早味雞油拌飯 40；拼盤加購折10,,16:00-19:00（或完售）,archive/2026-09/2026-09-15_0831_p06.png,img/2026-09-15_xianshuiji.jpg,"鹹水記「晚餐！晚餐」預訂開放
9/15（二）
16:00 – 19:00（或完售）

晚上想吃得清爽又有飽足感，
歡迎先預訂，到現場快速取餐不用等！

販售品項

清雞胸拼盤
120元｜一肉六菜

去骨雞腿拼盤
160元｜一肉六菜

加購單點
肉品只限拼盤加購 無單賣
・清雞胸（約100g±10）50元
・去骨雞腿（1支）90元
・古早味雞油拌飯 40元
拼盤加購折10元

本店使用清雞胸肉、去骨雞腿肉悶煮製作，與一般白斬雞或現剝鹹水雞口感不同，保留雞肉自然風味，再搭配每日現炁時蔬，簡單、清爽又有飽足感。

本日蔬食（無法挑選菜品）
高麗菜、白蘿蔔、玉米筍、花椰菜、雲耳、豆乾
（如遇品項不足，將更換為其他當季時蔬）

所有蔬食皆為當日早上新鮮現炁。
吃不完放冰箱冷藏，下午加班或晚上回家再吃，一樣方便又美味

加辣／不蒜／不洋蔥，請先告知。
加購肉品部份，如需另外分裝，請先告知

預訂方式
留言即可：
・姓名＋電話末三碼
・取餐時間
・品項＋數量
・備註

注意事項
支付方式：現金、銀行轉帳、街口轉帳
有按 = 接單成功
未回應 = 表示已額滿，請現場購買
商品皆為客製現拌，請準時取餐
數量有限，售完為止",顯示名稱「捲物/鹹水記」，依既有慣例保留品牌＋品項的複合名稱；預訂：留言 姓名＋電話末三碼、取餐時間、品項＋數量、備註，有按笑臉才算接單成功；支付：現金、銀行轉帳、街口轉帳；加購肉品只限搭配拼盤；貼文 9/14 20:25；貼文未寫地點，location 留空
2026-09-15,一餃入魂/煎餃,小吃,手工煎餃（豬肉、蝦仁、綜合）,豬肉 10顆70/15顆100/22顆150；蝦仁 8顆70/12顆100/18顆150；綜合 10顆70/20顆150,,11:00-13:30,archive/2026-09/2026-09-15_0831_p09.png,img/2026-09-15_dumpling.jpg,"一餃入魂 手工煎餃登場！
9/15（二） 11:00-13:30
付款方式：現金 / Line Pay

手工現包｜香氣四溢
從揉麵、擀皮到包餡，全程手工製作。
外酥內嫩、皮Q餡多汁，吃得到「手工的誠意」與「食材的真實」！

必吃亮點4連發
① Q彈手工餃皮
② 真材實料豬肉＋蔬菜餡
③ 辣醬微辣超涮嘴
④ 不辣醬鹹甜順口小孩也愛

售價
豬肉：10顆$70／15顆$100／22顆$150
蝦仁：8顆$70／12顆$100／18顆$150
綜合：10顆$70／20顆$150

留言格式：
① 訂購人（手機末三碼）
② 購買內容
③ 取餐時間

每日限量、售完就沒囉～
揪朋友一起來吃「這波手工的誠意」吧！",顯示名稱「一餃入魂/煎餃」；付款：現金 / LINE Pay；預訂留言格式：訂購人（手機末三碼）＋購買內容＋取餐時間；每日限量售完為止；貼文 9/14 20:09；貼文未寫地點，location 留空
2026-09-15,AA/拖鞋麵包三明治,小吃,豬事順辣 AAbsolutely；蝦馬威 AAttack!；蛋定鮪魚 Take it AAasy；脆薯 AA Fries；升級套餐（Tea Set 脆薯＋紅茶、Coke Set 脆薯＋可樂）,豬事順辣 170；蝦馬威 170；蛋定鮪魚 140；脆薯 60；升級 Tea Set +80；升級 Coke Set +90,,11:00-13:30（或售完）,archive/2026-09/2026-09-15_0831_p12.png,img/2026-09-15_aa-sandwich.jpg,"［ 午餐 ］
9 月15 日（二） 11:00～13:30或售完
小心，這顆三明治你想像中更有份量、更爽

AA Sandwiches 要來南軟二期囉

選用香氣十足的拖鞋麵包，抹上奶油現烤，夾入爆量餡料、炙燒起司、新鮮番茄、生洋蔥與 AA 特製淋醬

酥脆、濃郁、多汁，一口咬下就是滿滿的滿足感

忙亂生活裡，也要好好吃一餐

【MENU】
1 豬事順辣 AAbsolutely｜$170
招牌辣豬・炙燒起司・番茄・生菜・AA 特製醬

2 蝦馬威 AAttack!｜$170
酥脆炸蝦・洋蔥・番茄・生菜・AA 特製醬

3 蛋定鮪魚 Take it AAasy｜$140
鮪魚塊・玉米・檸檬蛋沙拉・義式香料・生菜

4 脆薯 AA Fries｜$60

升級套餐
＋$80 升級 Tea Set（脆薯＋紅茶）
＋$90 升級 Coke Set（脆薯＋可樂）

現點現做，建議先預訂
為了維持三明治的完整度與最佳口感，目前沒有提供對切服務喔！

【預訂方式】
直接留言，時間以15分鐘為單位
收到「按讚」回覆，才算完成預訂

【預訂範例】
・豬事順辣 x1＋紅茶套餐，蝦馬威 x1
・取餐時間：18:30
・手機末三碼：007

目前僅提供現金支付

追蹤 IG ＋限動標記我們，
送你一杯紅茶

IG https://www.instagram.com/aa_sandwiches?",顯示名稱「AA/拖鞋麵包三明治/餐車」，去掉車型後綴；只收現金；預訂：直接留言，取餐時間以 15 分鐘為單位，收到按讚回覆才算完成；不提供對切；IG https://www.instagram.com/aa_sandwiches；貼文 9/14 19:49；預訂範例寫「取餐時間 18:30」與營業時段 11:00-13:30 不符，疑為沿用舊文，未改寫；貼文未寫地點，location 留空
2026-09-15,韭菜盒,小吃,韭菜盒；高麗菜盒；韭菜蛋餅（含雙蛋）；高麗菜蛋餅（含雙蛋）；冷凍包（同口味2入，韭菜盒/高麗菜盒）；百搭手工香辣醬 190ml,韭菜盒 50；高麗菜盒 50；韭菜蛋餅 75；高麗菜蛋餅 75；冷凍包2入 100；百搭香辣醬 180,,16:30-19:00,archive/2026-09/2026-09-15_0831_p16.png,img/2026-09-15_chive-box.jpg,"酥脆美味的韭菜盒將到此為您服務囉～
9/15（二） 16：30～19：00

！！！請注意！！！
僅開放 冷凍包預訂
熟食歡迎現場購買，謝謝您

皮薄酥脆、餡料飽滿，每一口都是滿滿幸福！
手工製作，都是看得見的好食材，安心又實在！
全品項皆葷食（無肉但有蝦）

韭菜盒 50 元
紙薄餅皮包著滿滿內餡，香氣與酥脆在嘴裡一起爆開！不管當正餐、下午茶、宵夜都超適合！
客人分享：「我在眷村長大，你們家的味道，就跟我小時候巷口那攤一模一樣！」

高麗菜盒 50 元
高麗菜的鮮甜搭配冬粉、豆干碎、紅蘿蔔絲，清爽又耐吃，越吃越涮嘴！
客人笑說：「這根本是超酥脆版的水煎包啦！」

韭菜蛋餅（含雙蛋）75 元
韭菜香＋抓餅口感＋雙蛋蛋香＝飽足感直接爆表！
客人說：『吃膩蔥抓餅後我只吃你們家的，料多又超划算！』

高麗菜蛋餅（含雙蛋）75 元
高麗菜爽脆不油膩，金黃微焦的口感一吃就愛上！
客人稱讚：『吃起來有韓式煎餅的 fu～光看那金黃色就知道好吃！』

我們都有：
食品登記證
食品保險
支付方式：現金、LINE Pay

----------以上為現作熟食歡迎現場購買----------

---‧--‧----以下為限量商品預訂才有哦----------

【 冷凍包｜同口味 2 入｜100 元】
（口味可選：韭菜盒 / 高麗菜盒）

不只是方便，是把老闆的功夫原封不動冷凍起來！
打開加熱就能吃到像現煎一樣的香、脆、滿！

皮薄酥脆
料多飽滿
真材實料純手作
連阿嬤看了都點頭：「這個很可以。」

每包都有附上 煎法教學 QR Code，掃一下，您的廚房瞬間變專業煎台！

煎法教學影片（較快速美味）
https://youtube.com/shorts/4Yrh1uTfoAM?si=mskUEuXi-854m9ga

氣炸鍋版
https://youtube.com/shorts/hNi2tuXwpiw?si=mOu7p7_3DKbSODnz

請注意留言 +1 = 一包（2 入）100元

--

【 百搭香辣醬｜190ml｜180元】
不只是韭菜盒、蛋餅的最佳隊友，用來拌麵、炒菜、滷味，一加就直接變神級美味！油香濃、辣度穩、香味衝第一口，後勁更是撐住整道料理。

一罐在手，家裡任何料理都能瞬間開外掛！

拌麵、炒菜、滷味一罐搞定
百搭不干擾味、香辣更提鮮
一匙開胃、加什麼都好吃
小小一罐，料理開外掛

！！！請注意！！！
本次僅開放 冷凍包預訂
熟食歡迎現場購買，謝謝您",顯示名稱「韭菜盒-餐車」，去掉車型後綴；本次只開放冷凍包預訂，熟食限現場購買；全品項葷食（無肉但有蝦）；支付：現金、LINE Pay；冷凍包留言 +1 = 一包 2 入；貼文 9/14 19:42；貼文未寫地點，location 留空
2026-09-15,WOYAO Burger,小吃,雙層牛肉起司蛋堡 Double Cheeseburger；經典牛肉起司蛋堡 Beef Cheeseburger；經典雞肉起司蛋堡 Chicken Cheeseburger；青醬炒菇薯餅起司蛋堡 Veggie Burger；美式脆薯 Crispy Fries；美式薯球 Tater Tots,雙層牛肉起司蛋堡 190；經典牛肉起司蛋堡 130；經典雞肉起司蛋堡 130；青醬炒菇薯餅起司蛋堡 130；美式脆薯 小60/大100；美式薯球 小60/大100,,11:30-13:30（或售完為止）,archive/2026-09/2026-09-15_0831_p22.png,img/2026-09-15_woyao-burger.jpg,"9/15（二）11:30-13:30或售完為止
Hello 我們是WOYAO Burger 我 要 漢 堡
2017美式餐車開始
2020座落北投關渡第一家實體店面
WOYAO Burger 即我要漢堡
吃你所想做你所愛

菜單Menu

雙層牛肉起司蛋堡 $190
Double Cheeseburger
經典牛肉起司蛋堡$130
Beef Cheeseburger
經典雞肉起司蛋堡$130
Chicken Cheeseburger
青醬炒菇薯餅起司蛋堡$130
Veggie Burger

美式脆薯$60/$100（小S/大L）
Crispy Fries
美式薯球$60/$100（小S/大L）
Tater Tots

訂餐格式
訂餐內容：
貴姓：鄭小姐
取餐時間：18:00
電話末三碼：698

留言按讚 表示訂購成功
取餐時間麻煩以15分為單位
ex: 17:00、17:15、17:30、18:45取餐
為了餐點品質及棄單狀況，餐點過十分鐘後未取餐將直接順延至到現場後的狀況現做餐點

提供現金及 (line) linepay

Facebook：https://www.facebook.com/woyaoburger
Instagram：https://instagram.com/woyao_burger
Tel:0966-704-111",2017 美式餐車起家、2020 北投關渡實體店；付款：現金、LINE Pay；預訂：留言 貴姓＋取餐時間＋電話末三碼，按讚表示訂購成功，取餐時間以 15 分為單位，逾時十分鐘未取餐順延現做；Tel 0966-704-111；貼文 9/14 19:24；訂餐範例取餐時間寫 18:00、17:00 等，與當日 11:30-13:30 時段不符，疑為沿用晚場範例，未改寫；貼文未寫地點，location 留空
